Borough,Category,Cohort Year,Cohort,# Total Cohort,# Grads,% Grads,# Total Regents,% Total Regents of Cohort,% Total Regents of Grads,# Advanced Regents,% Advanced Regents of Cohort,% Advanced Regents of Grads,# Regents without Advanced,% Regents without Advanced of Cohort,% Regents without Advanced of Grads,# Local,% Local of Cohort,% Local of Grads,# Still Enrolled,% Still Enrolled,# Dropout,% Dropout,# SACC (IEP Diploma),% SACC (IEP Diploma) of Cohort,# TASC (GED),% TASC (GED) of Cohort
Bronx,All Students,2015,4 year August,13891,9752,70.2,8446,60.8,86.6,1579,11.4,16.2,6867,49.4,70.4,1306,9.4,13.4,2124,15.3,1759,12.7,80,0.6,175,1.3
Bronx,All Students,2014,4 year August,13951,9398,67.4,8246,59.1,87.7,1584,11.4,16.9,6662,47.8,70.9,1152,8.3,12.3,2632,18.9,1693,12.1,64,0.5,164,1.2
Bronx,All Students,2013,4 year August,13730,9102,66.3,8105,59,89,1548,11.3,17,6557,47.8,72,997,7.3,11,2742,20,1606,11.7,118,0.9,151,1.1
Bronx,All Students,2012,4 year August,13838,8985,64.9,8149,58.9,90.7,1505,10.9,16.8,6644,48,73.9,836,6,9.3,2876,20.8,1757,12.7,100,0.7,110,0.8
Bronx,All Students,2011,4 year August,14278,8821,61.8,8073,56.5,91.5,1494,10.5,16.9,6579,46.1,74.6,748,5.2,8.5,3243,22.7,1866,13.1,207,1.4,126,0.9
Bronx,All Students,2010,4 year August,14229,8405,59.1,7695,54.1,91.6,1475,10.4,17.5,6220,43.7,74,710,5,8.4,3418,24,2013,14.1,240,1.7,144,1
Bronx,All Students,2009,4 year August,15149,8712,57.5,8065,53.2,92.6,1580,10.4,18.1,6485,42.8,74.4,647,4.3,7.4,3637,24,2336,15.4,273,1.8,183,1.2
Bronx,All Students,2008,4 year August,15599,8647,55.4,8045,51.6,93,1557,10,18,6488,41.6,75,602,3.9,7,3921,25.1,2443,15.7,354,2.3,217,1.4
Bronx,All Students,2007,4 year August,15987,9194,57.5,7297,45.6,79.4,1587,9.9,17.3,5710,35.7,62.1,1897,11.9,20.6,3624,22.7,2501,15.6,340,2.1,298,1.9
Bronx,All Students,2006,4 year August,15579,9215,59.2,6605,42.4,71.7,1572,10.1,17.1,5033,32.3,54.6,2610,16.8,28.3,3160,20.3,2375,15.2,411,2.6,407,2.6
Bronx,All Students,2005,4 year August,15175,8805,58,5810,38.3,66,1549,10.2,17.6,4261,28.1,48.4,2995,19.7,34,3368,22.2,2147,14.1,410,2.7,445,2.9
Bronx,All Students,2015,4 year June,13891,9203,66.3,8067,58.1,87.7,1575,11.3,17.1,6492,46.7,70.5,1136,8.2,12.3,2655,19.1,1776,12.8,81,0.6,175,1.3
Bronx,All Students,2014,4 year June,13951,8864,63.5,7886,56.5,89,1580,11.3,17.8,6306,45.2,71.1,978,7,11,3161,22.7,1693,12.1,69,0.5,164,1.2
Bronx,All Students,2013,4 year June,13730,8638,62.9,7770,56.6,90,1544,11.2,17.9,6226,45.3,72.1,868,6.3,10,3198,23.3,1606,11.7,126,0.9,151,1.1
Bronx,All Students,2012,4 year June,13838,8581,62,7853,56.7,91.5,1503,10.9,17.5,6350,45.9,74,728,5.3,8.5,3278,23.7,1757,12.7,102,0.7,110,0.8
Bronx,All Students,2011,4 year June,14278,8324,58.3,7701,53.9,92.5,1491,10.4,17.9,6210,43.5,74.6,623,4.4,7.5,3733,26.1,1866,13.1,214,1.5,126,0.9
Bronx,All Students,2010,4 year June,14229,7781,54.7,7179,50.5,92.3,1461,10.3,18.8,5718,40.2,73.5,602,4.2,7.7,4040,28.4,2013,14.1,242,1.7,144,1
Bronx,All Students,2009,4 year June,15149,7930,52.3,7420,49,93.6,1571,10.4,19.8,5849,38.6,73.8,510,3.4,6.4,4397,29,2337,15.4,294,1.9,183,1.2
Bronx,All Students,2008,4 year June,15599,7911,50.7,7442,47.7,94.1,1549,9.9,19.6,5893,37.8,74.5,469,3,5.9,4645,29.8,2445,15.7,364,2.3,217,1.4
Bronx,All Students,2007,4 year June,15987,8421,52.7,6933,43.4,82.3,1579,9.9,18.8,5354,33.5,63.6,1488,9.3,17.7,4372,27.3,2527,15.8,349,2.2,290,1.8
Bronx,All Students,2006,4 year June,15579,8524,54.7,6312,40.5,74,1558,10,18.3,4754,30.5,55.8,2212,14.2,26,3824,24.5,2402,15.4,411,2.6,407,2.6
Bronx,All Students,2005,4 year June,15175,8229,54.2,5618,37,68.3,1544,10.2,18.8,4074,26.8,49.5,2611,17.2,31.7,3943,26,2147,14.1,411,2.7,445,2.9
Bronx,All Students,2004,4 year June,14364,7448,51.9,4625,32.2,62.1,1395,9.7,18.7,3230,22.5,43.4,2823,19.7,37.9,4169,29,2303,16,362,2.5,79,0.5
Bronx,All Students,2003,4 year June,13632,6389,46.9,3861,28.3,60.4,1255,9.2,19.6,2606,19.1,40.8,2528,18.5,39.6,4258,31.2,2472,18.1,319,2.3,179,1.3
Bronx,All Students,2002,4 year June,12032,5328,44.3,3118,25.9,58.5,992,8.2,18.6,2126,17.7,39.9,2217,18.4,41.6,4047,33.6,2140,17.8,275,2.3,191,1.6
Bronx,All Students,2001,4 year June,11453,4913,42.9,2644,23.1,53.8,998,8.7,20.3,1646,14.4,33.5,2271,19.8,46.2,3512,30.7,2438,21.3,520,4.5,67,0.6
Bronx,All Students,2014,5 year August,13829,10066,72.8,8656,62.6,86,1584,11.5,15.7,7072,51.1,70.3,1410,10.2,14,789,5.7,2571,18.6,230,1.7,172,1.2
Bronx,All Students,2013,5 year August,13634,9772,71.7,8503,62.4,87,1550,11.4,15.9,6953,51,71.2,1269,9.3,13,1172,8.6,2264,16.6,263,1.9,162,1.2
Bronx,All Students,2012,5 year August,13802,9663,70,8587,62.2,88.9,1505,10.9,15.6,7082,51.3,73.3,1076,7.8,11.1,1342,9.7,2377,17.2,287,2.1,121,0.9
Bronx,All Students,2011,5 year August,14187,9686,68.3,8680,61.2,89.6,1497,10.6,15.5,7183,50.6,74.2,1006,7.1,10.4,1329,9.4,2661,18.8,355,2.5,140,1
Bronx,All Students,2010,5 year August,14144,9330,66,8375,59.2,89.8,1478,10.4,15.8,6897,48.8,73.9,955,6.8,10.2,1518,10.7,2771,19.6,353,2.5,158,1.1
Bronx,All Students,2009,5 year August,14971,9721,64.9,8838,59,90.9,1581,10.6,16.3,7257,48.5,74.7,883,5.9,9.1,1710,11.4,3013,20.1,317,2.1,198,1.3
Bronx,All Students,2008,5 year August,15407,9579,62.2,8768,56.9,91.5,1558,10.1,16.3,7210,46.8,75.3,811,5.3,8.5,1761,11.4,3233,21,608,3.9,213,1.4
Bronx,All Students,2007,5 year August,15798,10063,63.7,7679,48.6,76.3,1592,10.1,15.8,6087,38.5,60.5,2384,15.1,23.7,1092,6.9,3756,23.8,583,3.7,277,1.8
Bronx,All Students,2006,5 year August,15989,10112,63.2,6874,43,68,1577,9.9,15.6,5297,33.1,52.4,3238,20.3,32,1402,8.8,3346,20.9,726,4.5,382,2.4
Bronx,All Students,2014,5 year June,13829,9968,72.1,8599,62.2,86.3,1584,11.5,15.9,7015,50.7,70.4,1369,9.9,13.7,861,6.2,2596,18.8,230,1.7,173,1.3
Bronx,All Students,2013,5 year June,13634,9687,71.1,8454,62,87.3,1550,11.4,16,6904,50.6,71.3,1233,9,12.7,1256,9.2,2265,16.6,263,1.9,162,1.2
Bronx,All Students,2012,5 year June,13802,9570,69.3,8535,61.8,89.2,1505,10.9,15.7,7030,50.9,73.5,1035,7.5,10.8,1431,10.4,2381,17.3,287,2.1,121,0.9
Bronx,All Students,2011,5 year June,14187,9547,67.3,8589,60.5,90,1497,10.6,15.7,7092,50,74.3,958,6.8,10,1466,10.3,2662,18.8,356,2.5,140,1
Bronx,All Students,2010,5 year June,14144,9193,65,8274,58.5,90,1478,10.4,16.1,6796,48,73.9,919,6.5,10,1649,11.7,2775,19.6,355,2.5,158,1.1
Bronx,All Students,2009,5 year June,14971,9507,63.5,8664,57.9,91.1,1581,10.6,16.6,7083,47.3,74.5,843,5.6,8.9,1918,12.8,3016,20.1,320,2.1,198,1.3
Bronx,All Students,2008,5 year June,15407,9383,60.9,8617,55.9,91.8,1558,10.1,16.6,7059,45.8,75.2,766,5,8.2,1945,12.6,3239,21,613,4,213,1.4
Bronx,All Students,2007,5 year June,15798,9897,62.6,7610,48.2,76.9,1592,10.1,16.1,6018,38.1,60.8,2287,14.5,23.1,1202,7.6,3806,24.1,589,3.7,277,1.8
Bronx,All Students,2006,5 year June,15989,9922,62.1,6822,42.7,68.8,1577,9.9,15.9,5245,32.8,52.9,3100,19.4,31.2,1530,9.6,3412,21.3,726,4.5,376,2.4
Bronx,All Students,2005,5 year June,15447,9680,62.7,6090,39.4,62.9,1561,10.1,16.1,4529,29.3,46.8,3590,23.2,37.1,1569,10.2,3100,20.1,637,4.1,437,2.8
Bronx,All Students,2004,5 year June,14465,8856,61.2,4981,34.4,56.2,1421,9.8,16,3560,24.6,40.2,3875,26.8,43.8,1587,11,2991,20.7,574,4,454,3.1
Bronx,All Students,2003,5 year June,13632,7728,56.7,4179,30.7,54.1,1271,9.3,16.4,2908,21.3,37.6,3549,26,45.9,1879,13.8,3211,23.6,602,4.4,197,1.4
Bronx,All Students,2002,5 year June,12032,6582,54.7,3401,28.3,51.7,1013,8.4,15.4,2388,19.8,36.3,3232,26.9,49.1,1724,14.3,3008,25,464,3.9,199,1.7
Bronx,All Students,2001,5 year June,11453,6058,52.9,2859,25,47.2,1022,8.9,16.9,1837,16,30.3,3209,28,53,1412,12.3,3178,27.7,727,6.3,67,0.6
Bronx,All Students,2013,6 year June,13563,10014,73.8,8631,63.6,86.2,1550,11.4,15.5,7081,52.2,70.7,1383,10.2,13.8,618,4.6,2510,18.5,274,2,147,1.1
Bronx,All Students,2012,6 year June,13759,9962,72.4,8766,63.7,88,1505,10.9,15.1,7261,52.8,72.9,1196,8.7,12,815,5.9,2553,18.6,302,2.2,124,0.9
Bronx,All Students,2011,6 year June,14241,9939,69.8,8835,62,88.9,1497,10.5,15.1,7338,51.5,73.8,1104,7.8,11.1,933,6.6,2842,20,361,2.5,156,1.1
Bronx,All Students,2010,6 year June,14105,9663,68.5,8587,60.9,88.9,1478,10.5,15.3,7109,50.4,73.6,1076,7.6,11.1,924,6.6,2980,21.1,366,2.6,161,1.1
Bronx,All Students,2009,6 year June,14952,10072,67.4,9096,60.8,90.3,1581,10.6,15.7,7515,50.3,74.6,976,6.5,9.7,1064,7.1,3261,21.8,336,2.2,205,1.4
Bronx,All Students,2008,6 year June,15361,9917,64.6,9013,58.7,90.9,1558,10.1,15.7,7455,48.5,75.2,904,5.9,9.1,988,6.4,3455,22.5,792,5.2,199,1.3
Bronx,All Students,2007,6 year June,15690,10364,66.1,7825,49.9,75.5,1592,10.1,15.4,6233,39.7,60.1,2539,16.2,24.5,568,3.6,3859,24.6,618,3.9,259,1.7
Bronx,All Students,2006,6 year June,15510,10372,66.9,6929,44.7,66.8,1576,10.2,15.2,5353,34.5,51.6,3443,22.2,33.2,632,4.1,3477,22.4,654,4.2,350,2.3
Bronx,All Students,2005,6 year June,15470,10139,65.5,6183,40,61,1563,10.1,15.4,4620,29.9,45.6,3956,25.6,39,966,6.2,3264,21.1,684,4.4,388,2.5
Bronx,All Students,2004,6 year June,14452,9307,64.4,5065,35,54.4,1424,9.9,15.3,3641,25.2,39.1,4242,29.4,45.6,1094,7.6,3233,22.4,587,4.1,201,1.4
Bronx,All Students,2003,6 year June,13681,8186,59.8,4255,31.1,52,1272,9.3,15.5,2983,21.8,36.4,3931,28.7,48,1032,7.5,3481,25.4,634,4.6,333,2.4
Bronx,All Students,2002,6 year June,12032,6964,57.9,3459,28.7,49.7,1014,8.4,14.6,2445,20.3,35.1,3556,29.6,51.1,1024,8.5,3255,27.1,532,4.4,202,1.7
Bronx,All Students,2001,6 year June,11453,6360,55.5,2895,25.3,45.5,1022,8.9,16.1,1873,16.4,29.4,3501,30.6,55,610,5.3,3614,31.6,791,6.9,67,0.6
Brooklyn,All Students,2015,4 year August,20385,15690,77,14128,69.3,90,4258,20.9,27.1,9870,48.4,62.9,1562,7.7,10,2981,14.6,1456,7.1,105,0.5,153,0.8
Brooklyn,All Students,2014,4 year August,20566,15753,76.6,14332,69.7,91,4171,20.3,26.5,10161,49.4,64.5,1421,6.9,9,3179,15.5,1378,6.7,102,0.5,151,0.7
Brooklyn,All Students,2013,4 year August,20096,14954,74.4,13764,68.5,92,4031,20.1,27,9733,48.4,65.1,1190,5.9,8,3374,16.8,1497,7.4,118,0.6,141,0.7
Brooklyn,All Students,2012,4 year August,20823,15160,72.8,14110,67.8,93.1,3826,18.4,25.2,10284,49.4,67.8,1050,5,6.9,3781,18.2,1583,7.6,135,0.6,139,0.7
Brooklyn,All Students,2011,4 year August,20671,14638,70.8,13821,66.9,94.4,3787,18.3,25.9,10034,48.5,68.5,817,4,5.6,3986,19.3,1722,8.3,177,0.9,134,0.6
Brooklyn,All Students,2010,4 year August,21034,14439,68.6,13546,64.4,93.8,3699,17.6,25.6,9847,46.8,68.2,893,4.2,6.2,4430,21.1,1866,8.9,171,0.8,108,0.5
Brooklyn,All Students,2009,4 year August,21933,14513,66.2,13736,62.6,94.6,3690,16.8,25.4,10046,45.8,69.2,777,3.5,5.4,4792,21.8,2186,10,263,1.2,157,0.7
Brooklyn,All Students,2008,4 year August,22220,14429,64.9,13730,61.8,95.2,3702,16.7,25.7,10028,45.1,69.5,699,3.1,4.8,4810,21.6,2493,11.2,313,1.4,152,0.7
Brooklyn,All Students,2007,4 year August,22595,14508,64.2,12317,54.5,84.9,3583,15.9,24.7,8734,38.7,60.2,2191,9.7,15.1,4653,20.6,2808,12.4,276,1.2,323,1.4
Brooklyn,All Students,2006,4 year August,22177,14043,63.3,10945,49.4,77.9,3763,17,26.8,7182,32.4,51.1,3098,14,22.1,4648,21,2716,12.2,344,1.6,418,1.9
Brooklyn,All Students,2005,4 year August,22331,13508,60.5,9906,44.4,73.3,3667,16.4,27.1,6239,27.9,46.2,3602,16.1,26.7,5417,24.3,2577,11.5,406,1.8,423,1.9
Brooklyn,All Students,2015,4 year June,20385,14893,73.1,13533,66.4,90.9,4224,20.7,28.4,9309,45.7,62.5,1360,6.7,9.1,3766,18.5,1468,7.2,105,0.5,153,0.8
Brooklyn,All Students,2014,4 year June,20566,15005,73,13776,67,91.8,4143,20.1,27.6,9633,46.8,64.2,1229,6,8.2,3926,19.1,1378,6.7,103,0.5,151,0.7
Brooklyn,All Students,2013,4 year June,20096,14204,70.7,13181,65.6,92.8,4004,19.9,28.2,9177,45.7,64.6,1023,5.1,7.2,4123,20.5,1497,7.4,119,0.6,141,0.7
Brooklyn,All Students,2012,4 year June,20823,14406,69.2,13512,64.9,93.8,3806,18.3,26.4,9706,46.6,67.4,894,4.3,6.2,4530,21.8,1583,7.6,139,0.7,139,0.7
Brooklyn,All Students,2011,4 year June,20671,13847,67,13164,63.7,95.1,3754,18.2,27.1,9410,45.5,68,683,3.3,4.9,4772,23.1,1724,8.3,178,0.9,134,0.6
Brooklyn,All Students,2010,4 year June,21034,13421,63.8,12662,60.2,94.3,3643,17.3,27.1,9019,42.9,67.2,759,3.6,5.7,5444,25.9,1866,8.9,174,0.8,108,0.5
Brooklyn,All Students,2009,4 year June,21933,13376,61,12727,58,95.1,3647,16.6,27.3,9080,41.4,67.9,649,3,4.9,5910,26.9,2189,10,279,1.3,157,0.7
Brooklyn,All Students,2008,4 year June,22220,13364,60.1,12785,57.5,95.7,3660,16.5,27.4,9125,41.1,68.3,579,2.6,4.3,5847,26.3,2503,11.3,331,1.5,152,0.7
Brooklyn,All Students,2007,4 year June,22595,13445,59.5,11684,51.7,86.9,3539,15.7,26.3,8145,36,60.6,1761,7.8,13.1,5669,25.1,2845,12.6,297,1.3,312,1.4
Brooklyn,All Students,2006,4 year June,22177,13040,58.8,10440,47.1,80.1,3717,16.8,28.5,6723,30.3,51.6,2600,11.7,19.9,5636,25.4,2731,12.3,344,1.6,418,1.9
Brooklyn,All Students,2005,4 year June,22331,12603,56.4,9488,42.5,75.3,3618,16.2,28.7,5870,26.3,46.6,3115,13.9,24.7,6320,28.3,2578,11.5,407,1.8,423,1.9
Brooklyn,All Students,2004,4 year June,22353,12303,55,8872,39.7,72.1,3741,16.7,30.4,5131,23,41.7,3431,15.3,27.9,6487,29,2973,13.3,475,2.1,113,0.5
Brooklyn,All Students,2003,4 year June,21334,11064,51.9,7711,36.1,69.7,3239,15.2,29.3,4472,21,40.4,3353,15.7,30.3,6571,30.8,3198,15,299,1.4,180,0.8
Brooklyn,All Students,2002,4 year June,20808,10337,49.7,7050,33.9,68.2,2865,13.8,27.7,4185,20.1,40.5,3298,15.8,31.9,6368,30.6,3369,16.2,323,1.6,324,1.6
Brooklyn,All Students,2001,4 year June,19961,9758,48.9,6177,30.9,63.3,2829,14.2,29,3348,16.8,34.3,3591,18,36.8,6101,30.6,3547,17.8,483,2.4,65,0.3
Brooklyn,All Students,2014,5 year August,20584,16721,81.2,14954,72.6,89.4,4181,20.3,25,10773,52.3,64.4,1767,8.6,10.6,1176,5.7,2271,11,235,1.1,177,0.9
Brooklyn,All Students,2013,5 year August,19959,15961,80,14408,72.2,90.3,4040,20.2,25.3,10368,51.9,65,1553,7.8,9.7,1501,7.5,2093,10.5,234,1.2,166,0.8
Brooklyn,All Students,2012,5 year August,20783,16283,78.3,14921,71.8,91.6,3834,18.4,23.5,11087,53.3,68.1,1362,6.6,8.4,1683,8.1,2309,11.1,325,1.6,161,0.8
Brooklyn,All Students,2011,5 year August,20633,15851,76.8,14767,71.6,93.2,3796,18.4,23.9,10971,53.2,69.2,1084,5.3,6.8,1741,8.4,2517,12.2,339,1.6,170,0.8
Brooklyn,All Students,2010,5 year August,20910,15776,75.4,14603,69.8,92.6,3711,17.7,23.5,10892,52.1,69,1173,5.6,7.4,1952,9.3,2723,13,298,1.4,134,0.6
Brooklyn,All Students,2009,5 year August,21793,15884,72.9,14852,68.2,93.5,3702,17,23.3,11150,51.2,70.2,1032,4.7,6.5,2291,10.5,3100,14.2,297,1.4,196,0.9
Brooklyn,All Students,2008,5 year August,22029,15677,71.2,14773,67.1,94.2,3724,16.9,23.8,11049,50.2,70.5,904,4.1,5.8,2263,10.3,3333,15.1,549,2.5,177,0.8
Brooklyn,All Students,2007,5 year August,22355,15849,70.9,12964,58,81.8,3598,16.1,22.7,9366,41.9,59.1,2885,12.9,18.2,1396,6.2,4215,18.9,556,2.5,314,1.4
Brooklyn,All Students,2006,5 year August,22339,15518,69.5,11526,51.6,74.3,3788,17,24.4,7738,34.6,49.9,3992,17.9,25.7,1694,7.6,4102,18.4,594,2.7,407,1.8
Brooklyn,All Students,2014,5 year June,20584,16576,80.5,14876,72.3,89.7,4179,20.3,25.2,10697,52,64.5,1700,8.3,10.3,1279,6.2,2313,11.2,235,1.1,177,0.9
Brooklyn,All Students,2013,5 year June,19959,15815,79.2,14323,71.8,90.6,4039,20.2,25.5,10284,51.5,65,1492,7.5,9.4,1639,8.2,2099,10.5,236,1.2,166,0.8
Brooklyn,All Students,2012,5 year June,20783,16106,77.5,14802,71.2,91.9,3834,18.4,23.8,10968,52.8,68.1,1304,6.3,8.1,1853,8.9,2314,11.1,325,1.6,161,0.8
Brooklyn,All Students,2011,5 year June,20633,15679,76,14636,70.9,93.3,3795,18.4,24.2,10841,52.5,69.1,1043,5.1,6.7,1903,9.2,2522,12.2,340,1.6,170,0.8
Brooklyn,All Students,2010,5 year June,20910,15579,74.5,14447,69.1,92.7,3710,17.7,23.8,10737,51.3,68.9,1132,5.4,7.3,2134,10.2,2738,13.1,298,1.4,134,0.6
Brooklyn,All Students,2009,5 year June,21793,15605,71.6,14631,67.1,93.8,3701,17,23.7,10930,50.2,70,974,4.5,6.2,2550,11.7,3113,14.3,303,1.4,196,0.9
Brooklyn,All Students,2008,5 year June,22029,15409,69.9,14544,66,94.4,3718,16.9,24.1,10826,49.1,70.3,865,3.9,5.6,2501,11.4,3355,15.2,555,2.5,177,0.8
Brooklyn,All Students,2007,5 year June,22355,15627,69.9,12869,57.6,82.4,3598,16.1,23,9271,41.5,59.3,2758,12.3,17.6,1565,7,4264,19.1,560,2.5,314,1.4
Brooklyn,All Students,2006,5 year June,22339,15273,68.4,11456,51.3,75,3788,17,24.8,7668,34.3,50.2,3817,17.1,25,1900,8.5,4150,18.6,594,2.7,400,1.8
Brooklyn,All Students,2005,5 year June,22373,14898,66.6,10477,46.8,70.3,3724,16.6,25,6753,30.2,45.3,4421,19.8,29.7,2024,9,4274,19.1,635,2.8,523,2.3
Brooklyn,All Students,2004,5 year June,22426,14468,64.5,9628,42.9,66.5,3799,16.9,26.3,5829,26,40.3,4840,21.6,33.5,2477,11,4112,18.3,697,3.1,667,3
Brooklyn,All Students,2003,5 year June,21334,13221,62,8455,39.6,64,3320,15.6,25.1,5135,24.1,38.8,4766,22.3,36,2541,11.9,4707,22.1,596,2.8,247,1.2
Brooklyn,All Students,2002,5 year June,20808,12376,59.5,7657,36.8,61.9,2965,14.2,24,4692,22.5,37.9,4786,23,38.7,2729,13.1,4705,22.6,584,2.8,325,1.6
Brooklyn,All Students,2001,5 year June,19961,11715,58.7,6681,33.5,57,2916,14.6,24.9,3765,18.9,32.1,5052,25.3,43.1,2155,10.8,5270,26.4,723,3.6,65,0.3
Brooklyn,All Students,2013,6 year June,19972,16342,81.8,14641,73.3,89.6,4040,20.2,24.7,10601,53.1,64.9,1701,8.5,10.4,846,4.2,2354,11.8,254,1.3,174,0.9
Brooklyn,All Students,2012,6 year June,20723,16614,80.2,15133,73,91.1,3834,18.5,23.1,11299,54.5,68,1481,7.1,8.9,1011,4.9,2555,12.3,349,1.7,168,0.8
Brooklyn,All Students,2011,6 year June,20621,16269,78.9,15064,73.1,92.6,3796,18.4,23.3,11268,54.6,69.3,1205,5.8,7.4,1053,5.1,2736,13.3,371,1.8,178,0.9
Brooklyn,All Students,2010,6 year June,20857,16200,77.7,14900,71.4,92,3713,17.8,22.9,11187,53.6,69.1,1300,6.2,8,1187,5.7,2976,14.3,331,1.6,134,0.6
Brooklyn,All Students,2009,6 year June,21743,16430,75.6,15273,70.2,93,3703,17,22.5,11570,53.2,70.4,1157,5.3,7,1359,6.3,3411,15.7,315,1.4,201,0.9
Brooklyn,All Students,2008,6 year June,21978,16144,73.5,15125,68.8,93.7,3724,16.9,23.1,11401,51.9,70.6,1019,4.6,6.3,1317,6,3563,16.2,744,3.4,178,0.8
Brooklyn,All Students,2007,6 year June,22257,16264,73.1,13133,59,80.7,3601,16.2,22.1,9532,42.8,58.6,3131,14.1,19.3,788,3.5,4310,19.4,589,2.6,287,1.3
Brooklyn,All Students,2006,6 year June,22039,15964,72.4,11667,52.9,73.1,3788,17.2,23.7,7879,35.8,49.4,4297,19.5,26.9,765,3.5,4253,19.3,632,2.9,399,1.8
Brooklyn,All Students,2005,6 year June,22315,15608,69.9,10677,47.8,68.4,3725,16.7,23.9,6952,31.2,44.5,4931,22.1,31.6,974,4.4,4563,20.4,677,3,466,2.1
Brooklyn,All Students,2004,6 year June,22397,15271,68.2,9836,43.9,64.4,3801,17,24.9,6035,26.9,39.5,5435,24.3,35.6,1318,5.9,4722,21.1,702,3.1,358,1.6
Brooklyn,All Students,2003,6 year June,21333,13914,65.2,8629,40.4,62,3323,15.6,23.9,5306,24.9,38.1,5285,24.8,38,1151,5.4,5163,24.2,642,3,441,2.1
Brooklyn,All Students,2002,6 year June,20808,13098,62.9,7791,37.4,59.5,2969,14.3,22.7,4822,23.2,36.8,5374,25.8,41,1252,6,5359,25.8,667,3.2,343,1.6
Brooklyn,All Students,2001,6 year June,19961,12288,61.6,6792,34,55.3,2927,14.7,23.8,3865,19.4,31.5,5532,27.7,45,907,4.5,5866,29.4,802,4,65,0.3
District 79,All Students,2006,4 year August,13,0,0,0,0,,0,0,,0,0,,0,0,,3,23.1,10,76.9,0,0,0,0
District 79,All Students,2005,4 year August,58,6,10.3,3,5.2,50,0,0,0,3,5.2,50,3,5.2,50,13,22.4,38,65.5,0,0,1,1.7
District 79,All Students,2006,4 year June,13,0,0,0,0,,0,0,,0,0,,0,0,,3,23.1,10,76.9,0,0,0,0
District 79,All Students,2005,4 year June,58,6,10.3,3,5.2,50,0,0,0,3,5.2,50,3,5.2,50,13,22.4,38,65.5,0,0,1,1.7
District 79,All Students,2004,4 year June,298,72,24.2,36,12.1,50,12,4,16.7,24,8.1,33.3,36,12.1,50,100,33.6,123,41.3,3,1,0,0
District 79,All Students,2003,4 year June,2410,657,27.3,288,12,43.8,57,2.4,8.7,231,9.6,35.2,369,15.3,56.2,496,20.6,1213,50.3,40,1.7,4,0.2
District 79,All Students,2002,4 year June,5812,551,9.5,143,2.5,26,8,0.1,1.5,135,2.3,24.5,408,7,74,1940,33.4,3264,56.2,51,0.9,6,0.1
District 79,All Students,2001,4 year June,9176,607,6.6,60,0.7,9.9,1,0,0.2,59,0.6,9.7,549,6,90.4,3187,34.7,5277,57.5,94,1,9,0.1
District 79,All Students,2005,5 year June,64,4,6.3,3,4.7,75,0,0,0,3,4.7,75,1,1.6,25,18,28.1,41,64.1,0,0,1,1.6
District 79,All Students,2004,5 year June,277,72,26,36,13,50,12,4.3,16.7,24,8.7,33.3,36,13,50,73,26.4,127,45.8,3,1.1,2,0.7
District 79,All Students,2003,5 year June,2410,657,27.3,288,12,43.8,57,2.4,8.7,231,9.6,35.2,369,15.3,56.2,496,20.6,1213,50.3,40,1.7,4,0.2
District 79,All Students,2002,5 year June,5812,1380,23.7,333,5.7,24.1,21,0.4,1.5,312,5.4,22.6,1052,18.1,76.2,560,9.6,3797,65.3,69,1.2,6,0.1
District 79,All Students,2001,5 year June,9176,1278,13.9,133,1.4,10.4,4,0,0.3,129,1.4,10.1,1149,12.5,89.9,2097,22.9,5674,61.8,115,1.3,9,0.1
District 79,All Students,2004,6 year June,311,72,23.2,36,11.6,50,12,3.9,16.7,24,7.7,33.3,36,11.6,50,104,33.4,132,42.4,3,1,0,0
District 79,All Students,2003,6 year June,2394,657,27.4,288,12,43.8,57,2.4,8.7,231,9.6,35.2,369,15.4,56.2,482,20.1,1206,50.4,40,1.7,9,0.4
District 79,All Students,2002,6 year June,5812,1380,23.7,333,5.7,24.1,21,0.4,1.5,312,5.4,22.6,1052,18.1,76.2,560,9.6,3797,65.3,69,1.2,6,0.1
District 79,All Students,2001,6 year June,9176,1704,18.6,211,2.3,12.4,5,0.1,0.3,206,2.2,12.1,1504,16.4,88.3,1356,14.8,5967,65,137,1.5,9,0.1
Manhattan,All Students,2015,4 year August,15274,11959,78.3,11110,72.7,92.9,3535,23.1,29.6,7575,49.6,63.3,849,5.6,7.1,2072,13.6,1077,7.1,27,0.2,139,0.9
Manhattan,All Students,2014,4 year August,15521,11902,76.7,11103,71.5,93.3,3514,22.6,29.5,7589,48.9,63.8,799,5.1,6.7,2339,15.1,1084,7,53,0.3,138,0.9
Manhattan,All Students,2013,4 year August,15280,11438,74.9,10695,70,93.5,3401,22.3,29.7,7294,47.7,63.8,743,4.9,6.5,2546,16.7,1117,7.3,55,0.4,115,0.8
Manhattan,All Students,2012,4 year August,15569,11637,74.7,11027,70.8,94.8,3202,20.6,27.5,7825,50.3,67.2,610,3.9,5.2,2575,16.5,1146,7.4,80,0.5,116,0.7
Manhattan,All Students,2011,4 year August,15360,11132,72.5,10537,68.6,94.7,3065,20,27.5,7472,48.6,67.1,595,3.9,5.3,2815,18.3,1189,7.7,124,0.8,88,0.6
Manhattan,All Students,2010,4 year August,15741,11108,70.6,10568,67.1,95.1,3060,19.4,27.5,7508,47.7,67.6,540,3.4,4.9,3111,19.8,1340,8.5,92,0.6,85,0.5
Manhattan,All Students,2009,4 year August,16291,10996,67.5,10560,64.8,96,2966,18.2,27,7594,46.6,69.1,436,2.7,4,3429,21,1580,9.7,141,0.9,134,0.8
Manhattan,All Students,2008,4 year August,16469,10972,66.6,10565,64.2,96.3,3020,18.3,27.5,7545,45.8,68.8,407,2.5,3.7,3317,20.1,1804,11,189,1.1,174,1.1
Manhattan,All Students,2007,4 year August,16198,10894,67.3,9538,58.9,87.6,3018,18.6,27.7,6520,40.3,59.8,1356,8.4,12.4,2966,18.3,1819,11.2,211,1.3,288,1.8
Manhattan,All Students,2006,4 year August,16416,10947,66.7,8993,54.8,82.2,2791,17,25.5,6202,37.8,56.7,1954,11.9,17.8,3194,19.5,1674,10.2,220,1.3,376,2.3
Manhattan,All Students,2005,4 year August,15843,10373,65.5,7868,49.7,75.9,2705,17.1,26.1,5163,32.6,49.8,2504,15.8,24.1,3318,20.9,1597,10.1,221,1.4,334,2.1
Manhattan,All Students,2015,4 year June,15274,11504,75.3,10753,70.4,93.5,3507,23,30.5,7246,47.4,63,751,4.9,6.5,2518,16.5,1086,7.1,27,0.2,139,0.9
Manhattan,All Students,2014,4 year June,15521,11445,73.7,10732,69.1,93.8,3495,22.5,30.5,7237,46.6,63.2,713,4.6,6.2,2796,18,1084,7,53,0.3,138,0.9
Manhattan,All Students,2013,4 year June,15280,10996,72,10344,67.7,94.1,3373,22.1,30.7,6971,45.6,63.4,652,4.3,5.9,2987,19.5,1117,7.3,56,0.4,115,0.8
Manhattan,All Students,2012,4 year June,15569,11196,71.9,10659,68.5,95.2,3186,20.5,28.5,7473,48,66.7,537,3.4,4.8,3016,19.4,1146,7.4,80,0.5,116,0.7
Manhattan,All Students,2011,4 year June,15360,10634,69.2,10111,65.8,95.1,3045,19.8,28.6,7066,46,66.4,523,3.4,4.9,3311,21.6,1189,7.7,125,0.8,88,0.6
Manhattan,All Students,2010,4 year June,15741,10487,66.6,10026,63.7,95.6,3030,19.2,28.9,6996,44.4,66.7,461,2.9,4.4,3729,23.7,1340,8.5,93,0.6,85,0.5
Manhattan,All Students,2009,4 year June,16291,10321,63.4,9950,61.1,96.4,2932,18,28.4,7018,43.1,68,371,2.3,3.6,4096,25.1,1581,9.7,146,0.9,134,0.8
Manhattan,All Students,2008,4 year June,16469,10338,62.8,9988,60.6,96.6,3004,18.2,29.1,6984,42.4,67.6,350,2.1,3.4,3934,23.9,1815,11,195,1.2,174,1.1
Manhattan,All Students,2007,4 year June,16198,10149,62.7,9067,56,89.3,2988,18.4,29.4,6079,37.5,59.9,1082,6.7,10.7,3681,22.7,1846,11.4,220,1.4,279,1.7
Manhattan,All Students,2006,4 year June,16416,10411,63.4,8715,53.1,83.7,2781,16.9,26.7,5934,36.1,57,1696,10.3,16.3,3719,22.7,1684,10.3,220,1.3,377,2.3
Manhattan,All Students,2005,4 year June,15843,9816,62,7623,48.1,77.7,2673,16.9,27.2,4950,31.2,50.4,2192,13.8,22.3,3874,24.5,1597,10.1,222,1.4,334,2.1
Manhattan,All Students,2004,4 year June,15127,8780,58,6449,42.6,73.5,2811,18.6,32,3638,24,41.4,2331,15.4,26.5,4243,28,1842,12.2,207,1.4,54,0.4
Manhattan,All Students,2003,4 year June,13879,7613,54.9,5499,39.6,72.2,2527,18.2,33.2,2972,21.4,39,2114,15.2,27.8,4240,30.5,1729,12.5,184,1.3,84,0.6
Manhattan,All Students,2002,4 year June,13463,7746,57.5,5497,40.8,71,1872,13.9,24.2,3625,26.9,46.8,2259,16.8,29.2,3561,26.5,1743,12.9,140,1,170,1.3
Manhattan,All Students,2001,4 year June,12670,7480,59,4963,39.2,66.4,1851,14.6,24.7,3112,24.6,41.6,2519,19.9,33.7,2829,22.3,1962,15.5,332,2.6,65,0.5
Manhattan,All Students,2014,5 year August,15583,12581,80.7,11560,74.2,91.9,3524,22.6,28,8036,51.6,63.9,1021,6.6,8.1,943,6.1,1750,11.2,119,0.8,190,1.2
Manhattan,All Students,2013,5 year August,15406,12217,79.3,11285,73.3,92.4,3424,22.2,28,7861,51,64.3,932,6,7.6,1193,7.7,1695,11,112,0.7,186,1.2
Manhattan,All Students,2012,5 year August,15633,12417,79.4,11650,74.5,93.8,3211,20.5,25.9,8439,54,68,767,4.9,6.2,1265,8.1,1656,10.6,128,0.8,157,1
Manhattan,All Students,2011,5 year August,15461,12050,77.9,11262,72.8,93.5,3067,19.8,25.5,8195,53,68,788,5.1,6.5,1283,8.3,1768,11.4,212,1.4,129,0.8
Manhattan,All Students,2010,5 year August,15832,12102,76.4,11381,71.9,94,3083,19.5,25.5,8298,52.4,68.6,721,4.6,6,1489,9.4,1949,12.3,157,1,120,0.8
Manhattan,All Students,2009,5 year August,16244,12063,74.3,11484,70.7,95.2,2991,18.4,24.8,8493,52.3,70.4,579,3.6,4.8,1612,9.9,2206,13.6,177,1.1,172,1.1
Manhattan,All Students,2008,5 year August,16522,11914,72.1,11372,68.8,95.5,3042,18.4,25.5,8330,50.4,69.9,542,3.3,4.5,1600,9.7,2493,15.1,290,1.8,205,1.2
Manhattan,All Students,2007,5 year August,16263,11769,72.4,10026,61.6,85.2,3026,18.6,25.7,7000,43,59.5,1743,10.7,14.8,1142,7,2701,16.6,333,2,304,1.9
Manhattan,All Students,2006,5 year August,16436,12034,73.2,9583,58.3,79.6,2819,17.2,23.4,6764,41.2,56.2,2451,14.9,20.4,1070,6.5,2563,15.6,380,2.3,378,2.3
Manhattan,All Students,2014,5 year June,15583,12472,80,11489,73.7,92.1,3523,22.6,28.2,7966,51.1,63.9,983,6.3,7.9,1024,6.6,1778,11.4,119,0.8,190,1.2
Manhattan,All Students,2013,5 year June,15406,12115,78.6,11216,72.8,92.6,3423,22.2,28.3,7793,50.6,64.3,899,5.8,7.4,1292,8.4,1697,11,113,0.7,186,1.2
Manhattan,All Students,2012,5 year June,15633,12342,78.9,11593,74.2,93.9,3211,20.5,26,8382,53.6,67.9,749,4.8,6.1,1340,8.6,1656,10.6,128,0.8,157,1
Manhattan,All Students,2011,5 year June,15461,11933,77.2,11175,72.3,93.6,3067,19.8,25.7,8108,52.4,67.9,758,4.9,6.4,1397,9,1771,11.5,212,1.4,129,0.8
Manhattan,All Students,2010,5 year June,15832,11956,75.5,11265,71.2,94.2,3082,19.5,25.8,8183,51.7,68.4,691,4.4,5.8,1633,10.3,1950,12.3,158,1,120,0.8
Manhattan,All Students,2009,5 year June,16244,11890,73.2,11333,69.8,95.3,2988,18.4,25.1,8345,51.4,70.2,557,3.4,4.7,1781,11,2210,13.6,177,1.1,172,1.1
Manhattan,All Students,2008,5 year June,16522,11764,71.2,11243,68,95.6,3042,18.4,25.9,8201,49.6,69.7,521,3.2,4.4,1734,10.5,2507,15.2,291,1.8,205,1.2
Manhattan,All Students,2007,5 year June,16263,11625,71.5,9944,61.1,85.5,3024,18.6,26,6920,42.6,59.5,1681,10.3,14.5,1258,7.7,2728,16.8,334,2.1,304,1.9
Manhattan,All Students,2006,5 year June,16436,11889,72.3,9509,57.9,80,2819,17.2,23.7,6690,40.7,56.3,2380,14.5,20,1180,7.2,2606,15.9,380,2.3,369,2.2
Manhattan,All Students,2005,5 year June,16065,11338,70.6,8340,51.9,73.6,2757,17.2,24.3,5583,34.8,49.2,2998,18.7,26.4,1291,8,2610,16.2,352,2.2,461,2.9
Manhattan,All Students,2004,5 year June,15322,10476,68.4,7174,46.8,68.5,2885,18.8,27.5,4289,28,40.9,3302,21.6,31.5,1522,9.9,2590,16.9,321,2.1,412,2.7
Manhattan,All Students,2003,5 year June,13879,9163,66,5994,43.2,65.4,2579,18.6,28.1,3415,24.6,37.3,3169,22.8,34.6,1606,11.6,2639,19,333,2.4,108,0.8
Manhattan,All Students,2002,5 year June,13463,8765,65.1,5874,43.6,67,1940,14.4,22.1,3934,29.2,44.9,2961,22,33.8,1733,12.9,2410,17.9,276,2.1,172,1.3
Manhattan,All Students,2001,5 year June,12670,8537,67.4,5309,41.9,62.2,1885,14.9,22.1,3424,27,40.1,3242,25.6,38,917,7.2,2668,21.1,477,3.8,65,0.5
Manhattan,All Students,2013,6 year June,15444,12515,81,11492,74.4,91.8,3427,22.2,27.4,8065,52.2,64.4,1023,6.6,8.2,681,4.4,1946,12.6,117,0.8,182,1.2
Manhattan,All Students,2012,6 year June,15661,12695,81.1,11840,75.6,93.3,3213,20.5,25.3,8627,55.1,68,855,5.5,6.7,764,4.9,1875,12,149,1,172,1.1
Manhattan,All Students,2011,6 year June,15491,12304,79.4,11456,74,93.1,3070,19.8,25,8386,54.1,68.2,848,5.5,6.9,827,5.3,1990,12.8,222,1.4,137,0.9
Manhattan,All Students,2010,6 year June,15907,12436,78.2,11647,73.2,93.7,3083,19.4,24.8,8564,53.8,68.9,789,5,6.3,965,6.1,2200,13.8,170,1.1,124,0.8
Manhattan,All Students,2009,6 year June,16337,12445,76.2,11790,72.2,94.7,2991,18.3,24,8799,53.9,70.7,655,4,5.3,1034,6.3,2457,15,203,1.2,184,1.1
Manhattan,All Students,2008,6 year June,16518,12262,74.2,11635,70.4,94.9,3043,18.4,24.8,8592,52,70.1,627,3.8,5.1,984,6,2668,16.2,375,2.3,209,1.3
Manhattan,All Students,2007,6 year June,16250,12016,73.9,10188,62.7,84.8,3027,18.6,25.2,7161,44.1,59.6,1828,11.2,15.2,700,4.3,2870,17.7,353,2.2,295,1.8
Manhattan,All Students,2006,6 year June,16348,12313,75.3,9710,59.4,78.9,2823,17.3,22.9,6887,42.1,55.9,2603,15.9,21.1,474,2.9,2803,17.1,378,2.3,363,2.2
Manhattan,All Students,2005,6 year June,16015,11843,73.9,8542,53.3,72.1,2759,17.2,23.3,5783,36.1,48.8,3301,20.6,27.9,556,3.5,2782,17.4,376,2.3,440,2.7
Manhattan,All Students,2004,6 year June,15339,10998,71.7,7340,47.9,66.7,2886,18.8,26.2,4454,29,40.5,3658,23.8,33.3,689,4.5,2881,18.8,341,2.2,408,2.7
Manhattan,All Students,2003,6 year June,13902,9704,69.8,6156,44.3,63.4,2583,18.6,26.6,3573,25.7,36.8,3548,25.5,36.6,661,4.8,2946,21.2,356,2.6,205,1.5
Manhattan,All Students,2002,6 year June,13463,9285,69,5986,44.5,64.5,1948,14.5,21,4038,30,43.5,3369,25,36.3,810,6,2767,20.6,317,2.4,177,1.3
Manhattan,All Students,2001,6 year June,12670,8768,69.2,5354,42.3,61.1,1889,14.9,21.5,3465,27.3,39.5,3446,27.2,39.3,373,2.9,2936,23.2,522,4.1,65,0.5
Queens,All Students,2015,4 year August,19788,15965,80.7,14927,75.4,93.5,4886,24.7,30.6,10041,50.7,62.9,1038,5.2,6.5,2352,11.9,1229,6.2,76,0.4,163,0.8
Queens,All Students,2014,4 year August,20245,16102,79.5,15110,74.6,93.8,5054,25,31.4,10056,49.7,62.5,992,4.9,6.2,2693,13.3,1204,5.9,101,0.5,144,0.7
Queens,All Students,2013,4 year August,19417,15112,77.8,14330,73.8,94.8,4545,23.4,30.1,9785,50.4,64.7,782,4,5.2,2792,14.4,1238,6.4,100,0.5,100,0.5
Queens,All Students,2012,4 year August,19398,14766,76.1,14032,72.3,95,4125,21.3,27.9,9907,51.1,67.1,734,3.8,5,2799,14.4,1495,7.7,126,0.6,73,0.4
Queens,All Students,2011,4 year August,19573,14350,73.3,13790,70.5,96.1,4210,21.5,29.3,9580,48.9,66.8,560,2.9,3.9,3312,16.9,1549,7.9,193,1,75,0.4
Queens,All Students,2010,4 year August,19953,14117,70.8,13490,67.6,95.6,4130,20.7,29.3,9360,46.9,66.3,627,3.1,4.4,3645,18.3,1724,8.6,259,1.3,100,0.5
Queens,All Students,2009,4 year August,20805,14331,68.9,13724,66,95.8,4190,20.1,29.2,9534,45.8,66.5,607,2.9,4.2,4079,19.6,1889,9.1,233,1.1,145,0.7
Queens,All Students,2008,4 year August,20805,14073,67.6,13449,64.6,95.6,3900,18.7,27.7,9549,45.9,67.9,624,3,4.4,4330,20.8,1967,9.5,209,1,169,0.8
Queens,All Students,2007,4 year August,20206,14143,70,12143,60.1,85.9,3886,19.2,27.5,8257,40.9,58.4,2000,9.9,14.1,3511,17.4,2121,10.5,144,0.7,270,1.3
Queens,All Students,2006,4 year August,19558,13378,68.4,10752,55,80.4,3681,18.8,27.5,7071,36.2,52.9,2626,13.4,19.6,3363,17.2,2252,11.5,192,1,361,1.8
Queens,All Students,2005,4 year August,19511,12615,64.7,9624,49.3,76.3,3637,18.6,28.8,5987,30.7,47.5,2991,15.3,23.7,3684,18.9,2434,12.5,219,1.1,559,2.9
Queens,All Students,2015,4 year June,19788,15299,77.3,14399,72.8,94.1,4867,24.6,31.8,9532,48.2,62.3,900,4.5,5.9,3011,15.2,1236,6.2,76,0.4,163,0.8
Queens,All Students,2014,4 year June,20245,15471,76.4,14628,72.3,94.6,5030,24.8,32.5,9598,47.4,62,843,4.2,5.4,3324,16.4,1204,5.9,101,0.5,144,0.7
Queens,All Students,2013,4 year June,19417,14533,74.8,13855,71.4,95.3,4523,23.3,31.1,9332,48.1,64.2,678,3.5,4.7,3366,17.3,1238,6.4,104,0.5,100,0.5
Queens,All Students,2012,4 year June,19398,14200,73.2,13559,69.9,95.5,4105,21.2,28.9,9454,48.7,66.6,641,3.3,4.5,3362,17.3,1496,7.7,127,0.7,73,0.4
Queens,All Students,2011,4 year June,19573,13802,70.5,13317,68,96.5,4191,21.4,30.4,9126,46.6,66.1,485,2.5,3.5,3857,19.7,1549,7.9,196,1,75,0.4
Queens,All Students,2010,4 year June,19953,13274,66.5,12728,63.8,95.9,4099,20.5,30.9,8629,43.2,65,546,2.7,4.1,4486,22.5,1726,8.7,259,1.3,100,0.5
Queens,All Students,2009,4 year June,20805,13301,63.9,12807,61.6,96.3,4144,19.9,31.2,8663,41.6,65.1,494,2.4,3.7,5096,24.5,1891,9.1,244,1.2,145,0.7
Queens,All Students,2008,4 year June,20805,13229,63.6,12680,60.9,95.9,3879,18.6,29.3,8801,42.3,66.5,549,2.6,4.1,5153,24.8,1979,9.5,218,1,169,0.8
Queens,All Students,2007,4 year June,20206,13126,65,11555,57.2,88,3850,19.1,29.3,7705,38.1,58.7,1571,7.8,12,4500,22.3,2137,10.6,164,0.8,262,1.3
Queens,All Students,2006,4 year June,19558,12465,63.7,10285,52.6,82.5,3637,18.6,29.2,6648,34,53.3,2180,11.1,17.5,4272,21.8,2256,11.5,192,1,361,1.8
Queens,All Students,2005,4 year June,19511,11863,60.8,9290,47.6,78.3,3618,18.5,30.5,5672,29.1,47.8,2573,13.2,21.7,4435,22.7,2435,12.5,219,1.1,559,2.9
Queens,All Students,2004,4 year June,18725,10922,58.3,8450,45.1,77.4,3604,19.2,33,4846,25.9,44.4,2472,13.2,22.6,5001,26.7,2505,13.4,241,1.3,55,0.3
Queens,All Students,2003,4 year June,18415,10455,56.8,7917,43,75.7,3395,18.4,32.5,4522,24.6,43.3,2538,13.8,24.3,4869,26.4,2718,14.8,196,1.1,148,0.8
Queens,All Students,2002,4 year June,18262,9869,54,7250,39.7,73.5,2837,15.5,28.7,4413,24.2,44.7,2624,14.4,26.6,4961,27.2,2816,15.4,177,1,314,1.7
Queens,All Students,2001,4 year June,17011,9180,54,6452,37.9,70.3,2694,15.8,29.3,3758,22.1,40.9,2738,16.1,29.8,4679,27.5,2696,15.8,373,2.2,77,0.5
Queens,All Students,2014,5 year August,20209,16843,83.3,15672,77.5,93,5061,25,30,10611,52.5,63,1171,5.8,7,906,4.5,2023,10,252,1.2,184,0.9
Queens,All Students,2013,5 year August,19259,15622,81.1,14660,76.1,93.8,4405,22.9,28.2,10255,53.2,65.6,962,5,6.2,1166,6.1,1830,9.5,492,2.6,135,0.7
Queens,All Students,2012,5 year August,19337,15546,80.4,14657,75.8,94.3,4128,21.3,26.6,10529,54.5,67.7,889,4.6,5.7,1234,6.4,2010,10.4,322,1.7,107,0.6
Queens,All Students,2011,5 year August,19556,15292,78.2,14566,74.5,95.3,4215,21.6,27.6,10351,52.9,67.7,726,3.7,4.7,1290,6.6,2425,12.4,324,1.7,93,0.5
Queens,All Students,2010,5 year August,19808,15169,76.6,14354,72.5,94.6,4141,20.9,27.3,10213,51.6,67.3,815,4.1,5.4,1442,7.3,2580,13,363,1.8,130,0.7
Queens,All Students,2009,5 year August,20781,15497,74.6,14730,70.9,95.1,4204,20.2,27.1,10526,50.7,67.9,767,3.7,4.9,1677,8.1,2880,13.9,400,1.9,163,0.8
Queens,All Students,2008,5 year August,20804,15226,73.2,14442,69.4,94.9,3912,18.8,25.7,10530,50.6,69.2,784,3.8,5.1,1822,8.8,2952,14.2,477,2.3,202,1
Queens,All Students,2007,5 year August,20030,14978,74.8,12432,62.1,83,3804,19,25.4,8628,43.1,57.6,2546,12.7,17,1124,5.6,3198,16,404,2,289,1.4
Queens,All Students,2006,5 year August,19746,14466,73.3,11287,57.2,78,3696,18.7,25.5,7591,38.4,52.5,3179,16.1,22,1228,6.2,3266,16.5,417,2.1,349,1.8
Queens,All Students,2014,5 year June,20209,16736,82.8,15596,77.2,93.2,5058,25,30.2,10538,52.1,63,1140,5.6,6.8,980,4.8,2056,10.2,252,1.2,184,0.9
Queens,All Students,2013,5 year June,19259,15503,80.5,14587,75.7,94.1,4404,22.9,28.4,10183,52.9,65.7,916,4.8,5.9,1281,6.7,1834,9.5,492,2.6,135,0.7
Queens,All Students,2012,5 year June,19337,15428,79.8,14577,75.4,94.5,4128,21.3,26.8,10449,54,67.7,851,4.4,5.5,1346,7,2016,10.4,322,1.7,107,0.6
Queens,All Students,2011,5 year June,19556,15178,77.6,14481,74,95.4,4215,21.6,27.8,10266,52.5,67.6,697,3.6,4.6,1399,7.2,2429,12.4,325,1.7,93,0.5
Queens,All Students,2010,5 year June,19808,15029,75.9,14234,71.9,94.7,4140,20.9,27.5,10094,51,67.2,795,4,5.3,1567,7.9,2593,13.1,365,1.8,130,0.7
Queens,All Students,2009,5 year June,20781,15291,73.6,14558,70.1,95.2,4204,20.2,27.5,10354,49.8,67.7,733,3.5,4.8,1868,9,2894,13.9,401,1.9,163,0.8
Queens,All Students,2008,5 year June,20804,14983,72,14236,68.4,95,3910,18.8,26.1,10326,49.6,68.9,747,3.6,5,2036,9.8,2977,14.3,480,2.3,202,1
Queens,All Students,2007,5 year June,20030,14792,73.8,12360,61.7,83.6,3804,19,25.7,8556,42.7,57.8,2432,12.1,16.4,1254,6.3,3252,16.2,406,2,289,1.4
Queens,All Students,2006,5 year June,19746,14291,72.4,11217,56.8,78.5,3696,18.7,25.9,7521,38.1,52.6,3074,15.6,21.5,1354,6.9,3322,16.8,417,2.1,343,1.7
Queens,All Students,2005,5 year June,19681,13700,69.6,10128,51.5,73.9,3673,18.7,26.8,6455,32.8,47.1,3572,18.1,26.1,1481,7.5,3651,18.6,378,1.9,461,2.3
Queens,All Students,2004,5 year June,18862,12947,68.6,9382,49.7,72.5,3690,19.6,28.5,5692,30.2,44,3565,18.9,27.5,1478,7.8,3393,18,389,2.1,654,3.5
Queens,All Students,2003,5 year June,18415,12419,67.4,8707,47.3,70.1,3477,18.9,28,5230,28.4,42.1,3712,20.2,29.9,1648,8.9,3715,20.2,422,2.3,181,1
Queens,All Students,2002,5 year June,18262,11745,64.3,8071,44.2,68.7,2941,16.1,25,5130,28.1,43.7,3730,20.4,31.8,1798,9.8,3934,21.5,338,1.9,319,1.7
Queens,All Students,2001,5 year June,17011,10892,64,6966,40.9,64,2739,16.1,25.1,4227,24.8,38.8,3946,23.2,36.2,1526,9,3931,23.1,563,3.3,77,0.5
Queens,All Students,2013,6 year June,19255,15861,82.4,14830,77,93.5,4410,22.9,27.8,10420,54.1,65.7,1031,5.4,6.5,635,3.3,2108,10.9,501,2.6,139,0.7
Queens,All Students,2012,6 year June,19191,15708,81.9,14755,76.9,93.9,4127,21.5,26.3,10628,55.4,67.7,953,5,6.1,738,3.8,2177,11.3,367,1.9,107,0.6
Queens,All Students,2011,6 year June,19489,15554,79.8,14765,75.8,94.9,4215,21.6,27.1,10550,54.1,67.8,789,4,5.1,817,4.2,2540,13,379,1.9,94,0.5
Queens,All Students,2010,6 year June,19838,15527,78.3,14645,73.8,94.3,4142,20.9,26.7,10503,52.9,67.6,882,4.4,5.7,815,4.1,2805,14.1,390,2,127,0.6
Queens,All Students,2009,6 year June,20734,15880,76.6,15032,72.5,94.7,4207,20.3,26.5,10825,52.2,68.2,848,4.1,5.3,940,4.5,3135,15.1,424,2,171,0.8
Queens,All Students,2008,6 year June,20782,15585,75,14734,70.9,94.5,3914,18.8,25.1,10820,52.1,69.4,851,4.1,5.5,936,4.5,3263,15.7,670,3.2,204,1
Queens,All Students,2007,6 year June,20328,15449,76,12791,62.9,82.8,3884,19.1,25.1,8907,43.8,57.7,2658,13.1,17.2,648,3.2,3356,16.5,506,2.5,288,1.4
Queens,All Students,2006,6 year June,19566,14843,75.9,11451,58.5,77.1,3684,18.8,24.8,7767,39.7,52.3,3392,17.3,22.9,485,2.5,3457,17.7,415,2.1,336,1.7
Queens,All Students,2005,6 year June,19682,14241,72.4,10313,52.4,72.4,3677,18.7,25.8,6636,33.7,46.6,3928,20,27.6,766,3.9,3854,19.6,393,2,415,2.1
Queens,All Students,2004,6 year June,18897,13518,71.5,9596,50.8,71,3693,19.5,27.3,5903,31.2,43.7,3922,20.8,29,1024,5.4,3710,19.6,405,2.1,222,1.2
Queens,All Students,2003,6 year June,18468,12953,70.1,8874,48.1,68.5,3482,18.9,26.9,5392,29.2,41.6,4079,22.1,31.5,639,3.5,4029,21.8,448,2.4,369,2
Queens,All Students,2002,6 year June,18262,12278,67.2,8208,44.9,66.9,2951,16.2,24,5257,28.8,42.8,4126,22.6,33.6,877,4.8,4286,23.5,368,2,325,1.8
Queens,All Students,2001,6 year June,17011,11358,66.8,7099,41.7,62.5,2747,16.1,24.2,4352,25.6,38.3,4299,25.3,37.8,519,3.1,4438,26.1,597,3.5,77,0.5
Staten Island,All Students,2015,4 year August,4434,3669,82.7,3237,73,88.2,1346,30.4,36.7,1891,42.6,51.5,432,9.7,11.8,450,10.1,224,5.1,29,0.7,62,1.4
Staten Island,All Students,2014,4 year August,4665,3768,80.8,3368,72.2,89.4,1335,28.6,35.4,2033,43.6,54,400,8.6,10.6,555,11.9,255,5.5,31,0.7,56,1.2
Staten Island,All Students,2013,4 year August,4631,3718,80.3,3377,72.9,90.8,1234,26.6,33.2,2143,46.3,57.6,341,7.4,9.2,537,11.6,276,6,37,0.8,62,1.3
Staten Island,All Students,2012,4 year August,4544,3613,79.5,3262,71.8,90.3,1151,25.3,31.9,2111,46.5,58.4,351,7.7,9.7,572,12.6,289,6.4,26,0.6,44,1
Staten Island,All Students,2011,4 year August,4481,3468,77.4,3143,70.1,90.6,1083,24.2,31.2,2060,46,59.4,325,7.3,9.4,571,12.7,338,7.5,40,0.9,61,1.4
Staten Island,All Students,2010,4 year August,4567,3612,79.1,3264,71.5,90.4,1057,23.1,29.3,2207,48.3,61.1,348,7.6,9.6,523,11.5,366,8,19,0.4,47,1
Staten Island,All Students,2009,4 year August,4543,3418,75.2,3173,69.8,92.8,1109,24.4,32.4,2064,45.4,60.4,245,5.4,7.2,640,14.1,372,8.2,38,0.8,74,1.6
Staten Island,All Students,2008,4 year August,4626,3452,74.6,3215,69.5,93.1,1085,23.5,31.4,2130,46,61.7,237,5.1,6.9,685,14.8,389,8.4,28,0.6,69,1.5
Staten Island,All Students,2007,4 year August,4490,3330,74.2,2921,65.1,87.7,1003,22.3,30.1,1918,42.7,57.6,409,9.1,12.3,649,14.5,382,8.5,29,0.6,93,2.1
Staten Island,All Students,2006,4 year August,4603,3423,74.4,2856,62,83.4,1194,25.9,34.9,1662,36.1,48.6,567,12.3,16.6,607,13.2,413,9,55,1.2,102,2.2
Staten Island,All Students,2005,4 year August,4460,3192,71.6,2507,56.2,78.5,1059,23.7,33.2,1448,32.5,45.4,685,15.4,21.5,664,14.9,362,8.1,80,1.8,162,3.6
Staten Island,All Students,2015,4 year June,4434,3594,81.1,3198,72.1,89,1345,30.3,37.4,1853,41.8,51.6,396,8.9,11,524,11.8,224,5.1,30,0.7,62,1.4
Staten Island,All Students,2014,4 year June,4665,3685,79,3317,71.1,90,1334,28.6,36.2,1983,42.5,53.8,368,7.9,10,638,13.7,255,5.5,31,0.7,56,1.2
Staten Island,All Students,2013,4 year June,4631,3647,78.8,3326,71.8,91.2,1232,26.6,33.8,2094,45.2,57.4,321,6.9,8.8,608,13.1,276,6,37,0.8,62,1.3
Staten Island,All Students,2012,4 year June,4544,3527,77.6,3209,70.6,91,1151,25.3,32.6,2058,45.3,58.3,318,7,9,658,14.5,289,6.4,26,0.6,44,1
Staten Island,All Students,2011,4 year June,4481,3392,75.7,3095,69.1,91.2,1083,24.2,31.9,2012,44.9,59.3,297,6.6,8.8,646,14.4,338,7.5,41,0.9,61,1.4
Staten Island,All Students,2010,4 year June,4567,3486,76.3,3179,69.6,91.2,1054,23.1,30.2,2125,46.5,61,307,6.7,8.8,649,14.2,366,8,19,0.4,47,1
Staten Island,All Students,2009,4 year June,4543,3308,72.8,3085,67.9,93.3,1106,24.3,33.4,1979,43.6,59.8,223,4.9,6.7,747,16.4,372,8.2,41,0.9,74,1.6
Staten Island,All Students,2008,4 year June,4626,3331,72,3129,67.6,93.9,1083,23.4,32.5,2046,44.2,61.4,202,4.4,6.1,806,17.4,389,8.4,28,0.6,69,1.5
Staten Island,All Students,2007,4 year June,4490,3239,72.1,2867,63.9,88.5,1002,22.3,30.9,1865,41.5,57.6,372,8.3,11.5,738,16.4,385,8.6,30,0.7,90,2
Staten Island,All Students,2006,4 year June,4603,3346,72.7,2818,61.2,84.2,1192,25.9,35.6,1626,35.3,48.6,528,11.5,15.8,683,14.8,414,9,55,1.2,102,2.2
Staten Island,All Students,2005,4 year June,4460,3098,69.5,2467,55.3,79.6,1059,23.7,34.2,1408,31.6,45.4,631,14.1,20.4,758,17,362,8.1,80,1.8,162,3.6
Staten Island,All Students,2004,4 year June,4142,2788,67.3,2220,53.6,79.6,1029,24.8,36.9,1191,28.8,42.7,568,13.7,20.4,844,20.4,381,9.2,121,2.9,8,0.2
Staten Island,All Students,2003,4 year June,4218,2812,66.7,2169,51.4,77.1,883,20.9,31.4,1286,30.5,45.7,643,15.2,22.9,919,21.8,374,8.9,75,1.8,38,0.9
Staten Island,All Students,2002,4 year June,4134,2721,65.8,2040,49.3,75,861,20.8,31.6,1179,28.5,43.3,683,16.5,25.1,844,20.4,426,10.3,44,1.1,97,2.3
Staten Island,All Students,2001,4 year June,3872,2565,66.2,1901,49.1,74.1,876,22.6,34.2,1025,26.5,40,665,17.2,25.9,786,20.3,417,10.8,93,2.4,11,0.3
Staten Island,All Students,2014,5 year August,4655,3913,84.1,3433,73.7,87.7,1337,28.7,34.2,2096,45,53.6,480,10.3,12.3,174,3.7,421,9,69,1.5,78,1.7
Staten Island,All Students,2013,5 year August,4624,3860,83.5,3456,74.7,89.5,1235,26.7,32,2221,48,57.5,404,8.7,10.5,216,4.7,401,8.7,70,1.5,76,1.6
Staten Island,All Students,2012,5 year August,4544,3774,83.1,3352,73.8,88.8,1151,25.3,30.5,2201,48.4,58.3,422,9.3,11.2,240,5.3,404,8.9,56,1.2,70,1.5
Staten Island,All Students,2011,5 year August,4478,3663,81.8,3255,72.7,88.9,1083,24.2,29.6,2172,48.5,59.3,408,9.1,11.1,231,5.2,463,10.3,57,1.3,61,1.4
Staten Island,All Students,2010,5 year August,4548,3755,82.6,3341,73.5,89,1057,23.2,28.1,2284,50.2,60.8,414,9.1,11,201,4.4,472,10.4,45,1,72,1.6
Staten Island,All Students,2009,5 year August,4526,3616,79.9,3300,72.9,91.3,1110,24.5,30.7,2190,48.4,60.6,316,7,8.7,250,5.5,532,11.8,37,0.8,86,1.9
Staten Island,All Students,2008,5 year August,4600,3611,78.5,3323,72.2,92,1085,23.6,30,2238,48.7,62,288,6.3,8,254,5.5,561,12.2,84,1.8,84,1.8
Staten Island,All Students,2007,5 year August,4476,3494,78.1,3003,67.1,85.9,1005,22.5,28.8,1998,44.6,57.2,491,11,14.1,208,4.6,597,13.3,73,1.6,98,2.2
Staten Island,All Students,2006,5 year August,4646,3578,77,2919,62.8,81.6,1195,25.7,33.4,1724,37.1,48.2,659,14.2,18.4,256,5.5,600,12.9,111,2.4,95,2
Staten Island,All Students,2014,5 year June,4655,3895,83.7,3430,73.7,88.1,1335,28.7,34.3,2095,45,53.8,465,10,11.9,190,4.1,423,9.1,69,1.5,78,1.7
Staten Island,All Students,2013,5 year June,4624,3843,83.1,3449,74.6,89.7,1235,26.7,32.1,2214,47.9,57.6,394,8.5,10.3,233,5,401,8.7,70,1.5,76,1.6
Staten Island,All Students,2012,5 year June,4544,3765,82.9,3344,73.6,88.8,1151,25.3,30.6,2193,48.3,58.2,421,9.3,11.2,249,5.5,404,8.9,56,1.2,70,1.5
Staten Island,All Students,2011,5 year June,4478,3626,81,3236,72.3,89.2,1083,24.2,29.9,2153,48.1,59.4,390,8.7,10.8,268,6,463,10.3,57,1.3,61,1.4
Staten Island,All Students,2010,5 year June,4548,3737,82.2,3332,73.3,89.2,1057,23.2,28.3,2275,50,60.9,405,8.9,10.8,219,4.8,472,10.4,45,1,72,1.6
Staten Island,All Students,2009,5 year June,4526,3589,79.3,3285,72.6,91.5,1110,24.5,30.9,2175,48.1,60.6,304,6.7,8.5,276,6.1,533,11.8,37,0.8,86,1.9
Staten Island,All Students,2008,5 year June,4600,3593,78.1,3314,72,92.2,1085,23.6,30.2,2229,48.5,62,279,6.1,7.8,271,5.9,561,12.2,85,1.8,84,1.8
Staten Island,All Students,2007,5 year June,4476,3463,77.4,2987,66.7,86.3,1005,22.5,29,1982,44.3,57.2,476,10.6,13.7,228,5.1,608,13.6,73,1.6,98,2.2
Staten Island,All Students,2006,5 year June,4646,3561,76.6,2914,62.7,81.8,1195,25.7,33.6,1719,37,48.3,647,13.9,18.2,264,5.7,613,13.2,111,2.4,91,2
Staten Island,All Students,2005,5 year June,4517,3368,74.6,2573,57,76.4,1059,23.4,31.4,1514,33.5,45,795,17.6,23.6,283,6.3,583,12.9,120,2.7,157,3.5
Staten Island,All Students,2004,5 year June,4273,3140,73.5,2338,54.7,74.5,1034,24.2,32.9,1304,30.5,41.5,802,18.8,25.5,228,5.3,573,13.4,120,2.8,212,5
Staten Island,All Students,2003,5 year June,4218,3077,72.9,2264,53.7,73.6,890,21.1,28.9,1374,32.6,44.7,813,19.3,26.4,350,8.3,610,14.5,136,3.2,44,1
Staten Island,All Students,2002,5 year June,4134,2987,72.3,2142,51.8,71.7,865,20.9,29,1277,30.9,42.8,864,20.9,28.9,383,9.3,580,14,83,2,99,2.4
Staten Island,All Students,2001,5 year June,3872,2837,73.3,1977,51.1,69.7,883,22.8,31.1,1094,28.3,38.6,867,22.4,30.6,228,5.9,661,17.1,134,3.5,11,0.3
Staten Island,All Students,2013,6 year June,4614,3908,84.7,3481,75.4,89.1,1235,26.8,31.6,2246,48.7,57.5,427,9.3,10.9,113,2.4,440,9.5,76,1.6,76,1.6
Staten Island,All Students,2012,6 year June,4540,3824,84.2,3372,74.3,88.2,1151,25.4,30.1,2221,48.9,58.1,452,10,11.8,141,3.1,427,9.4,66,1.5,82,1.8
Staten Island,All Students,2011,6 year June,4487,3711,82.7,3276,73,88.3,1083,24.1,29.2,2193,48.9,59.1,435,9.7,11.7,149,3.3,486,10.8,65,1.4,73,1.6
Staten Island,All Students,2010,6 year June,4547,3807,83.7,3362,73.9,88.3,1057,23.2,27.8,2305,50.7,60.5,445,9.8,11.7,131,2.9,485,10.7,52,1.1,71,1.6
Staten Island,All Students,2009,6 year June,4521,3678,81.4,3325,73.5,90.4,1110,24.6,30.2,2215,49,60.2,353,7.8,9.6,144,3.2,554,12.3,54,1.2,89,2
Staten Island,All Students,2008,6 year June,4594,3667,79.8,3354,73,91.5,1085,23.6,29.6,2269,49.4,61.9,313,6.8,8.5,126,2.7,596,13,118,2.6,79,1.7
Staten Island,All Students,2007,6 year June,4473,3558,79.5,3030,67.7,85.2,1005,22.5,28.2,2025,45.3,56.9,528,11.8,14.8,83,1.9,645,14.4,82,1.8,99,2.2
Staten Island,All Students,2006,6 year June,4583,3629,79.2,2932,64,80.8,1193,26,32.9,1739,37.9,47.9,697,15.2,19.2,128,2.8,628,13.7,95,2.1,93,2
Staten Island,All Students,2005,6 year June,4512,3446,76.4,2597,57.6,75.4,1059,23.5,30.7,1538,34.1,44.6,849,18.8,24.6,163,3.6,627,13.9,122,2.7,150,3.3
Staten Island,All Students,2004,6 year June,4265,3213,75.3,2358,55.3,73.4,1034,24.2,32.2,1324,31,41.2,855,20,26.6,239,5.6,628,14.7,118,2.8,64,1.5
Staten Island,All Students,2003,6 year June,4249,3172,74.7,2281,53.7,71.9,890,20.9,28.1,1391,32.7,43.9,891,21,28.1,155,3.6,692,16.3,136,3.2,93,2.2
Staten Island,All Students,2002,6 year June,4134,3062,74.1,2160,52.2,70.5,865,20.9,28.2,1295,31.3,42.3,921,22.3,30.1,206,5,676,16.4,89,2.2,99,2.4
Staten Island,All Students,2001,6 year June,3872,2873,74.2,1987,51.3,69.2,883,22.8,30.7,1104,28.5,38.4,898,23.2,31.3,131,3.4,717,18.5,139,3.6,11,0.3
